key,date,value
Charlotte Belling,2014-11-25,0
Charlotte Belling,2014-11-26,0
Charlotte Belling,2014-11-27,0
Charlotte Belling,2014-11-28,0
Charlotte Belling,2014-11-29,0
Charlotte Belling,2014-11-30,0
Charlotte Belling,2014-12-01,0
Charlotte Belling,2014-12-02,0
Charlotte Belling,2014-12-03,0
Charlotte Belling,2014-12-04,0
Charlotte Belling,2014-12-05,0
Charlotte Belling,2014-12-06,0
Charlotte Belling,2014-12-07,0
Charlotte Belling,2014-12-08,0
Charlotte Belling,2014-12-09,0
Charlotte Belling,2014-12-10,0
Charlotte Belling,2014-12-11,0
Charlotte Belling,2014-12-12,0
Charlotte Belling,2014-12-13,0
Charlotte Belling,2014-12-14,0
Charlotte Belling,2014-12-15,0
Charlotte Belling,2014-12-16,0
Charlotte Belling,2014-12-17,0
Charlotte Belling,2014-12-18,0
Charlotte Belling,2014-12-19,0
Charlotte Belling,2014-12-20,0
Charlotte Belling,2014-12-21,0
Charlotte Belling,2014-12-22,0
Charlotte Belling,2014-12-23,0
Charlotte Belling,2014-12-24,0
Charlotte Belling,2014-12-25,0
Charlotte Belling,2014-12-26,0
Charlotte Belling,2014-12-27,237
Charlotte Belling,2014-12-28,745
Charlotte Belling,2014-12-29,41
Charlotte Belling,2014-12-30,0
Charlotte Belling,2014-12-31,0
Charlotte Belling,2015-01-01,0
Charlotte Belling,2015-01-02,0
Charlotte Belling,2015-01-03,0
Charlotte Belling,2015-01-04,0
Charlotte Belling,2015-01-05,0
Charlotte Belling,2015-01-06,0
Charlotte Belling,2015-01-07,0
Charlotte Belling,2015-01-08,0
Charlotte Belling,2015-01-09,0
Charlotte Belling,2015-01-10,0
Charlotte Belling,2015-01-11,0
Charlotte Belling,2015-01-12,804
Charlotte Belling,2015-01-13,884
Charlotte Belling,2015-01-14,0
Charlotte Belling,2015-01-15,515
Charlotte Belling,2015-01-16,746
Charlotte Belling,2015-01-17,877
Charlotte Belling,2015-01-18,701
Charlotte Belling,2015-01-19,105
Charlotte Belling,2015-01-20,0
Charlotte Belling,2015-01-21,585
Charlotte Belling,2015-01-22,1267
Charlotte Belling,2015-01-23,551
Charlotte Belling,2015-01-24,0
Charlotte Belling,2015-01-25,1459
Charlotte Belling,2015-01-26,460
Charlotte Belling,2015-01-27,216
Charlotte Belling,2015-01-28,0
Charlotte Belling,2015-01-29,1119
Charlotte Belling,2015-01-30,729
Charlotte Belling,2015-01-31,710
Charlotte Belling,2015-02-01,970
Charlotte Belling,2015-02-02,106
Charlotte Belling,2015-02-03,0
Charlotte Belling,2015-02-04,673
Charlotte Belling,2015-02-05,755
Charlotte Belling,2015-02-06,63
Charlotte Belling,2015-02-07,206
Charlotte Belling,2015-02-08,389
Charlotte Belling,2015-02-09,194
Charlotte Belling,2015-02-10,0
Charlotte Belling,2015-02-11,0
Charlotte Belling,2015-02-12,1147
Charlotte Belling,2015-02-13,1260
Charlotte Belling,2015-02-14,215
Charlotte Belling,2015-02-15,1717
Charlotte Belling,2015-02-16,53
Charlotte Belling,2015-02-17,351
Charlotte Belling,2015-02-18,0
Charlotte Belling,2015-02-19,449
Charlotte Belling,2015-02-20,555
Charlotte Belling,2015-02-21,562
Charlotte Belling,2015-02-22,594
Charlotte Belling,2015-02-23,385
Charlotte Belling,2015-02-24,355
Charlotte Belling,2015-02-25,792
Charlotte Belling,2015-02-26,771
Charlotte Belling,2015-02-27,1932
Charlotte Belling,2015-02-28,387
Charlotte Belling,2015-03-01,564
Charlotte Belling,2015-03-02,1205
Charlotte Belling,2015-03-03,503
Charlotte Belling,2015-03-04,120
Charlotte Belling,2015-03-05,1189
Charlotte Belling,2015-03-06,154
Charlotte Belling,2015-03-07,0
Charlotte Belling,2015-03-08,0
Charlotte Belling,2015-03-09,1028
Charlotte Belling,2015-03-10,953
Charlotte Belling,2015-03-11,0
Charlotte Belling,2015-03-12,0
Charlotte Belling,2015-03-13,0
Charlotte Belling,2015-03-14,710
Charlotte Belling,2015-03-15,250
Charlotte Belling,2015-03-16,0
Charlotte Belling,2015-03-17,0
Charlotte Belling,2015-03-18,208
Charlotte Belling,2015-03-19,0
Charlotte Belling,2015-03-20,0
Charlotte Belling,2015-03-21,8
Charlotte Belling,2015-03-22,684
Charlotte Belling,2015-03-23,922
Charlotte Belling,2015-03-24,78
Charlotte Belling,2015-03-25,16
Charlotte Belling,2015-03-26,21
Charlotte Belling,2015-03-27,1866
Charlotte Belling,2015-03-28,168
Charlotte Belling,2015-03-29,77
Charlotte Belling,2015-03-30,497
Charlotte Belling,2015-03-31,0
Charlotte Belling,2015-04-01,0
Charlotte Belling,2015-04-02,245
Charlotte Belling,2015-04-03,1299
Charlotte Belling,2015-04-04,0
Charlotte Belling,2015-04-05,0
Charlotte Belling,2015-04-06,1322
Charlotte Belling,2015-04-07,1296
Charlotte Belling,2015-04-08,441
Charlotte Belling,2015-04-09,299
Charlotte Belling,2015-04-10,1315
Charlotte Belling,2015-04-11,0
Charlotte Belling,2015-04-12,812
Charlotte Belling,2015-04-13,947
Charlotte Belling,2015-04-14,468
Charlotte Belling,2015-04-15,300
Charlotte Belling,2015-04-16,615
Charlotte Belling,2015-04-17,950
Charlotte Belling,2015-04-18,374
Charlotte Belling,2015-04-19,933
Charlotte Belling,2015-04-20,0
Charlotte Belling,2015-04-21,176
Charlotte Belling,2015-04-22,361
Charlotte Belling,2015-04-23,0
Charlotte Belling,2015-04-24,978
Charlotte Belling,2015-04-25,928
Charlotte Belling,2015-04-26,251
Charlotte Belling,2015-04-27,1106
Charlotte Belling,2015-04-28,730
Charlotte Belling,2015-04-29,1011
Charlotte Belling,2015-04-30,755
Charlotte Belling,2015-05-01,578
Charlotte Belling,2015-05-02,704
Charlotte Belling,2015-05-03,383
Charlotte Belling,2015-05-04,297
Charlotte Belling,2015-05-05,98
Charlotte Belling,2015-05-06,995
Charlotte Belling,2015-05-07,531
Charlotte Belling,2015-05-08,1009
Charlotte Belling,2015-05-09,319
Charlotte Belling,2015-05-10,868
Charlotte Belling,2015-05-11,0
Charlotte Belling,2015-05-12,230
Charlotte Belling,2015-05-13,961
Charlotte Belling,2015-05-14,192
Charlotte Belling,2015-05-15,91
Charlotte Belling,2015-05-16,415
Charlotte Belling,2015-05-17,227
Charlotte Belling,2015-05-18,0
Charlotte Belling,2015-05-19,0
Charlotte Belling,2015-05-20,0
Charlotte Belling,2015-05-21,229
Charlotte Belling,2015-05-22,393
Charlotte Belling,2015-05-23,610
Charlotte Belling,2015-05-24,0
Charlotte Belling,2015-05-25,0
Charlotte Belling,2015-05-26,87
Charlotte Belling,2015-05-27,489
Charlotte Belling,2015-05-28,90
Charlotte Belling,2015-05-29,468
Charlotte Belling,2015-05-30,376
Charlotte Belling,2015-05-31,192
Charlotte Belling,2015-06-01,510
Charlotte Belling,2015-06-02,0
Charlotte Belling,2015-06-03,0
Charlotte Belling,2015-06-04,16
Charlotte Belling,2015-06-05,1288
Charlotte Belling,2015-06-06,2000
Charlotte Belling,2015-06-07,2432
Charlotte Belling,2015-06-08,0
Derek Lo,2014-11-25,1114
Derek Lo,2014-11-26,85
Derek Lo,2014-11-27,0
Derek Lo,2014-11-28,0
Derek Lo,2014-11-29,0
Derek Lo,2014-11-30,0
Derek Lo,2014-12-01,0
Derek Lo,2014-12-02,0
Derek Lo,2014-12-03,0
Derek Lo,2014-12-04,0
Derek Lo,2014-12-05,0
Derek Lo,2014-12-06,0
Derek Lo,2014-12-07,1923
Derek Lo,2014-12-08,484
Derek Lo,2014-12-09,3887
Derek Lo,2014-12-10,566
Derek Lo,2014-12-11,1583
Derek Lo,2014-12-12,141
Derek Lo,2014-12-13,0
Derek Lo,2014-12-14,0
Derek Lo,2014-12-15,0
Derek Lo,2014-12-16,3880
Derek Lo,2014-12-17,0
Derek Lo,2014-12-18,0
Derek Lo,2014-12-19,0
Derek Lo,2014-12-20,0
Derek Lo,2014-12-21,0
Derek Lo,2014-12-22,0
Derek Lo,2014-12-23,0
Derek Lo,2014-12-24,0
Derek Lo,2014-12-25,0
Derek Lo,2014-12-26,22
Derek Lo,2014-12-27,258
Derek Lo,2014-12-28,1545
Derek Lo,2014-12-29,0
Derek Lo,2014-12-30,725
Derek Lo,2014-12-31,0
Derek Lo,2015-01-01,0
Derek Lo,2015-01-02,0
Derek Lo,2015-01-03,0
Derek Lo,2015-01-04,0
Derek Lo,2015-01-05,0
Derek Lo,2015-01-06,0
Derek Lo,2015-01-07,498
Derek Lo,2015-01-08,26
Derek Lo,2015-01-09,438
Derek Lo,2015-01-10,619
Derek Lo,2015-01-11,5
Derek Lo,2015-01-12,1095
Derek Lo,2015-01-13,86
Derek Lo,2015-01-14,3282
Derek Lo,2015-01-15,210
Derek Lo,2015-01-16,157
Derek Lo,2015-01-17,0
Derek Lo,2015-01-18,0
Derek Lo,2015-01-19,322
Derek Lo,2015-01-20,1179
Derek Lo,2015-01-21,0
Derek Lo,2015-01-22,1448
Derek Lo,2015-01-23,0
Derek Lo,2015-01-24,747
Derek Lo,2015-01-25,0
Derek Lo,2015-01-26,321
Derek Lo,2015-01-27,1109
Derek Lo,2015-01-28,260
Derek Lo,2015-01-29,1124
Derek Lo,2015-01-30,735
Derek Lo,2015-01-31,0
Derek Lo,2015-02-01,75
Derek Lo,2015-02-02,153
Derek Lo,2015-02-03,85
Derek Lo,2015-02-04,95
Derek Lo,2015-02-05,0
Derek Lo,2015-02-06,0
Derek Lo,2015-02-07,0
Derek Lo,2015-02-08,148
Derek Lo,2015-02-09,1111
Derek Lo,2015-02-10,2124
Derek Lo,2015-02-11,315
Derek Lo,2015-02-12,1434
Derek Lo,2015-02-13,1203
Derek Lo,2015-02-14,0
Derek Lo,2015-02-15,0
Derek Lo,2015-02-16,0
Derek Lo,2015-02-17,0
Derek Lo,2015-02-18,0
Derek Lo,2015-02-19,0
Derek Lo,2015-02-20,0
Derek Lo,2015-02-21,0
Derek Lo,2015-02-22,0
Derek Lo,2015-02-23,0
Derek Lo,2015-02-24,0
Derek Lo,2015-02-25,0
Derek Lo,2015-02-26,436
Derek Lo,2015-02-27,0
Derek Lo,2015-02-28,0
Derek Lo,2015-03-01,0
Derek Lo,2015-03-02,0
Derek Lo,2015-03-03,0
Derek Lo,2015-03-04,0
Derek Lo,2015-03-05,899
Derek Lo,2015-03-06,84
Derek Lo,2015-03-07,0
Derek Lo,2015-03-08,0
Derek Lo,2015-03-09,0
Derek Lo,2015-03-10,0
Derek Lo,2015-03-11,0
Derek Lo,2015-03-12,0
Derek Lo,2015-03-13,0
Derek Lo,2015-03-14,0
Derek Lo,2015-03-15,0
Derek Lo,2015-03-16,0
Derek Lo,2015-03-17,0
Derek Lo,2015-03-18,0
Derek Lo,2015-03-19,0
Derek Lo,2015-03-20,0
Derek Lo,2015-03-21,0
Derek Lo,2015-03-22,0
Derek Lo,2015-03-23,1419
Derek Lo,2015-03-24,1783
Derek Lo,2015-03-25,232
Derek Lo,2015-03-26,1499
Derek Lo,2015-03-27,0
Derek Lo,2015-03-28,0
Derek Lo,2015-03-29,0
Derek Lo,2015-03-30,209
Derek Lo,2015-03-31,0
Derek Lo,2015-04-01,915
Derek Lo,2015-04-02,890
Derek Lo,2015-04-03,948
Derek Lo,2015-04-04,664
Derek Lo,2015-04-05,507
Derek Lo,2015-04-06,753
Derek Lo,2015-04-07,94
Derek Lo,2015-04-08,2007
Derek Lo,2015-04-09,1141
Derek Lo,2015-04-10,220
Derek Lo,2015-04-11,813
Derek Lo,2015-04-12,1639
Derek Lo,2015-04-13,129
Derek Lo,2015-04-14,29
Derek Lo,2015-04-15,0
Derek Lo,2015-04-16,102
Derek Lo,2015-04-17,0
Derek Lo,2015-04-18,265
Derek Lo,2015-04-19,0
Derek Lo,2015-04-20,1562
Derek Lo,2015-04-21,327
Derek Lo,2015-04-22,1361
Derek Lo,2015-04-23,274
Derek Lo,2015-04-24,0
Derek Lo,2015-04-25,0
Derek Lo,2015-04-26,651
Derek Lo,2015-04-27,0
Derek Lo,2015-04-28,0
Derek Lo,2015-04-29,0
Derek Lo,2015-04-30,0
Derek Lo,2015-05-01,110
Derek Lo,2015-05-02,1105
Derek Lo,2015-05-03,0
Derek Lo,2015-05-04,4272
Derek Lo,2015-05-05,1244
Derek Lo,2015-05-06,0
Derek Lo,2015-05-07,138
Derek Lo,2015-05-08,0
Derek Lo,2015-05-09,0
Derek Lo,2015-05-10,0
Derek Lo,2015-05-11,0
Derek Lo,2015-05-12,0
Derek Lo,2015-05-13,0
Derek Lo,2015-05-14,0
Derek Lo,2015-05-15,0
Derek Lo,2015-05-16,0
Derek Lo,2015-05-17,676
Derek Lo,2015-05-18,93
Derek Lo,2015-05-19,0
Derek Lo,2015-05-20,0
Derek Lo,2015-05-21,237
Derek Lo,2015-05-22,420
Derek Lo,2015-05-23,0
Derek Lo,2015-05-24,0
Derek Lo,2015-05-25,0
Derek Lo,2015-05-26,31
Derek Lo,2015-05-27,616
Derek Lo,2015-05-28,0
Derek Lo,2015-05-29,931
Derek Lo,2015-05-30,233
Derek Lo,2015-05-31,0
Derek Lo,2015-06-01,241
Derek Lo,2015-06-02,1204
Derek Lo,2015-06-03,39
Derek Lo,2015-06-04,7
Derek Lo,2015-06-05,0
Derek Lo,2015-06-06,140
Derek Lo,2015-06-07,0
Derek Lo,2015-06-08,0
Isabella Klitz,2014-11-25,1186
Isabella Klitz,2014-11-26,1643
Isabella Klitz,2014-11-27,1601
Isabella Klitz,2014-11-28,1643
Isabella Klitz,2014-11-29,750
Isabella Klitz,2014-11-30,955
Isabella Klitz,2014-12-01,1149
Isabella Klitz,2014-12-02,1160
Isabella Klitz,2014-12-03,2302
Isabella Klitz,2014-12-04,1594
Isabella Klitz,2014-12-05,539
Isabella Klitz,2014-12-06,1459
Isabella Klitz,2014-12-07,1307
Isabella Klitz,2014-12-08,1230
Isabella Klitz,2014-12-09,2433
Isabella Klitz,2014-12-10,1748
Isabella Klitz,2014-12-11,500
Isabella Klitz,2014-12-12,812
Isabella Klitz,2014-12-13,0
Isabella Klitz,2014-12-14,0
Isabella Klitz,2014-12-15,0
Isabella Klitz,2014-12-16,0
Isabella Klitz,2014-12-17,1024
Isabella Klitz,2014-12-18,0
Isabella Klitz,2014-12-19,0
Isabella Klitz,2014-12-20,0
Isabella Klitz,2014-12-21,0
Isabella Klitz,2014-12-22,0
Isabella Klitz,2014-12-23,0
Isabella Klitz,2014-12-24,0
Isabella Klitz,2014-12-25,0
Isabella Klitz,2014-12-26,0
Isabella Klitz,2014-12-27,0
Isabella Klitz,2014-12-28,0
Isabella Klitz,2014-12-29,0
Isabella Klitz,2014-12-30,0
Isabella Klitz,2014-12-31,0
Isabella Klitz,2015-01-01,0
Isabella Klitz,2015-01-02,0
Isabella Klitz,2015-01-03,0
Isabella Klitz,2015-01-04,0
Isabella Klitz,2015-01-05,0
Isabella Klitz,2015-01-06,0
Isabella Klitz,2015-01-07,0
Isabella Klitz,2015-01-08,0
Isabella Klitz,2015-01-09,0
Isabella Klitz,2015-01-10,0
Isabella Klitz,2015-01-11,0
Isabella Klitz,2015-01-12,0
Isabella Klitz,2015-01-13,0
Isabella Klitz,2015-01-14,0
Isabella Klitz,2015-01-15,0
Isabella Klitz,2015-01-16,0
Isabella Klitz,2015-01-17,0
Isabella Klitz,2015-01-18,0
Isabella Klitz,2015-01-19,0
Isabella Klitz,2015-01-20,0
Isabella Klitz,2015-01-21,0
Isabella Klitz,2015-01-22,0
Isabella Klitz,2015-01-23,0
Isabella Klitz,2015-01-24,0
Isabella Klitz,2015-01-25,0
Isabella Klitz,2015-01-26,0
Isabella Klitz,2015-01-27,910
Isabella Klitz,2015-01-28,455
Isabella Klitz,2015-01-29,0
Isabella Klitz,2015-01-30,499
Isabella Klitz,2015-01-31,0
Isabella Klitz,2015-02-01,0
Isabella Klitz,2015-02-02,0
Isabella Klitz,2015-02-03,0
Isabella Klitz,2015-02-04,0
Isabella Klitz,2015-02-05,988
Isabella Klitz,2015-02-06,351
Isabella Klitz,2015-02-07,1474
Isabella Klitz,2015-02-08,0
Isabella Klitz,2015-02-09,0
Isabella Klitz,2015-02-10,0
Isabella Klitz,2015-02-11,0
Isabella Klitz,2015-02-12,0
Isabella Klitz,2015-02-13,203
Isabella Klitz,2015-02-14,37
Isabella Klitz,2015-02-15,339
Isabella Klitz,2015-02-16,0
Isabella Klitz,2015-02-17,0
Isabella Klitz,2015-02-18,0
Isabella Klitz,2015-02-19,0
Isabella Klitz,2015-02-20,0
Isabella Klitz,2015-02-21,0
Isabella Klitz,2015-02-22,0
Isabella Klitz,2015-02-23,0
Isabella Klitz,2015-02-24,0
Isabella Klitz,2015-02-25,0
Isabella Klitz,2015-02-26,0
Isabella Klitz,2015-02-27,0
Isabella Klitz,2015-02-28,0
Isabella Klitz,2015-03-01,858
Isabella Klitz,2015-03-02,0
Isabella Klitz,2015-03-03,0
Isabella Klitz,2015-03-04,0
Isabella Klitz,2015-03-05,0
Isabella Klitz,2015-03-06,0
Isabella Klitz,2015-03-07,0
Isabella Klitz,2015-03-08,0
Isabella Klitz,2015-03-09,0
Isabella Klitz,2015-03-10,0
Isabella Klitz,2015-03-11,0
Isabella Klitz,2015-03-12,0
Isabella Klitz,2015-03-13,0
Isabella Klitz,2015-03-14,0
Isabella Klitz,2015-03-15,0
Isabella Klitz,2015-03-16,0
Isabella Klitz,2015-03-17,0
Isabella Klitz,2015-03-18,984
Isabella Klitz,2015-03-19,0
Isabella Klitz,2015-03-20,0
Isabella Klitz,2015-03-21,0
Isabella Klitz,2015-03-22,0
Isabella Klitz,2015-03-23,0
Isabella Klitz,2015-03-24,0
Isabella Klitz,2015-03-25,0
Isabella Klitz,2015-03-26,0
Isabella Klitz,2015-03-27,0
Isabella Klitz,2015-03-28,0
Isabella Klitz,2015-03-29,0
Isabella Klitz,2015-03-30,0
Isabella Klitz,2015-03-31,2029
Isabella Klitz,2015-04-01,686
Isabella Klitz,2015-04-02,0
Isabella Klitz,2015-04-03,385
Isabella Klitz,2015-04-04,0
Isabella Klitz,2015-04-05,0
Isabella Klitz,2015-04-06,430
Isabella Klitz,2015-04-07,175
Isabella Klitz,2015-04-08,0
Isabella Klitz,2015-04-09,0
Isabella Klitz,2015-04-10,222
Isabella Klitz,2015-04-11,1847
Isabella Klitz,2015-04-12,0
Isabella Klitz,2015-04-13,0
Isabella Klitz,2015-04-14,0
Isabella Klitz,2015-04-15,0
Isabella Klitz,2015-04-16,0
Isabella Klitz,2015-04-17,0
Isabella Klitz,2015-04-18,0
Isabella Klitz,2015-04-19,0
Isabella Klitz,2015-04-20,0
Isabella Klitz,2015-04-21,0
Isabella Klitz,2015-04-22,0
Isabella Klitz,2015-04-23,0
Isabella Klitz,2015-04-24,0
Isabella Klitz,2015-04-25,0
Isabella Klitz,2015-04-26,0
Isabella Klitz,2015-04-27,0
Isabella Klitz,2015-04-28,0
Isabella Klitz,2015-04-29,0
Isabella Klitz,2015-04-30,0
Isabella Klitz,2015-05-01,0
Isabella Klitz,2015-05-02,0
Isabella Klitz,2015-05-03,0
Isabella Klitz,2015-05-04,575
Isabella Klitz,2015-05-05,0
Isabella Klitz,2015-05-06,0
Isabella Klitz,2015-05-07,0
Isabella Klitz,2015-05-08,0
Isabella Klitz,2015-05-09,0
Isabella Klitz,2015-05-10,0
Isabella Klitz,2015-05-11,0
Isabella Klitz,2015-05-12,0
Isabella Klitz,2015-05-13,0
Isabella Klitz,2015-05-14,0
Isabella Klitz,2015-05-15,0
Isabella Klitz,2015-05-16,0
Isabella Klitz,2015-05-17,0
Isabella Klitz,2015-05-18,0
Isabella Klitz,2015-05-19,0
Isabella Klitz,2015-05-20,0
Isabella Klitz,2015-05-21,0
Isabella Klitz,2015-05-22,0
Isabella Klitz,2015-05-23,0
Isabella Klitz,2015-05-24,0
Isabella Klitz,2015-05-25,0
Isabella Klitz,2015-05-26,0
Isabella Klitz,2015-05-27,0
Isabella Klitz,2015-05-28,0
Isabella Klitz,2015-05-29,0
Isabella Klitz,2015-05-30,0
Isabella Klitz,2015-05-31,318
Isabella Klitz,2015-06-01,818
Isabella Klitz,2015-06-02,0
Isabella Klitz,2015-06-03,0
Isabella Klitz,2015-06-04,1755
Isabella Klitz,2015-06-05,92
Isabella Klitz,2015-06-06,0
Isabella Klitz,2015-06-07,0
Isabella Klitz,2015-06-08,0
Jack Sykes,2014-11-25,0
Jack Sykes,2014-11-26,310
Jack Sykes,2014-11-27,152
Jack Sykes,2014-11-28,0
Jack Sykes,2014-11-29,0
Jack Sykes,2014-11-30,0
Jack Sykes,2014-12-01,506
Jack Sykes,2014-12-02,380
Jack Sykes,2014-12-03,1626
Jack Sykes,2014-12-04,1558
Jack Sykes,2014-12-05,0
Jack Sykes,2014-12-06,95
Jack Sykes,2014-12-07,0
Jack Sykes,2014-12-08,82
Jack Sykes,2014-12-09,221
Jack Sykes,2014-12-10,0
Jack Sykes,2014-12-11,0
Jack Sykes,2014-12-12,1402
Jack Sykes,2014-12-13,810
Jack Sykes,2014-12-14,0
Jack Sykes,2014-12-15,659
Jack Sykes,2014-12-16,387
Jack Sykes,2014-12-17,2301
Jack Sykes,2014-12-18,0
Jack Sykes,2014-12-19,0
Jack Sykes,2014-12-20,0
Jack Sykes,2014-12-21,0
Jack Sykes,2014-12-22,292
Jack Sykes,2014-12-23,72
Jack Sykes,2014-12-24,0
Jack Sykes,2014-12-25,0
Jack Sykes,2014-12-26,0
Jack Sykes,2014-12-27,0
Jack Sykes,2014-12-28,0
Jack Sykes,2014-12-29,0
Jack Sykes,2014-12-30,0
Jack Sykes,2014-12-31,0
Jack Sykes,2015-01-01,0
Jack Sykes,2015-01-02,0
Jack Sykes,2015-01-03,0
Jack Sykes,2015-01-04,4337
Jack Sykes,2015-01-05,124
Jack Sykes,2015-01-06,0
Jack Sykes,2015-01-07,484
Jack Sykes,2015-01-08,1363
Jack Sykes,2015-01-09,508
Jack Sykes,2015-01-10,127
Jack Sykes,2015-01-11,0
Jack Sykes,2015-01-12,0
Jack Sykes,2015-01-13,434
Jack Sykes,2015-01-14,2663
Jack Sykes,2015-01-15,381
Jack Sykes,2015-01-16,395
Jack Sykes,2015-01-17,1618
Jack Sykes,2015-01-18,0
Jack Sykes,2015-01-19,1269
Jack Sykes,2015-01-20,951
Jack Sykes,2015-01-21,29
Jack Sykes,2015-01-22,407
Jack Sykes,2015-01-23,61
Jack Sykes,2015-01-24,41
Jack Sykes,2015-01-25,397
Jack Sykes,2015-01-26,57
Jack Sykes,2015-01-27,620
Jack Sykes,2015-01-28,0
Jack Sykes,2015-01-29,444
Jack Sykes,2015-01-30,0
Jack Sykes,2015-01-31,0
Jack Sykes,2015-02-01,0
Jack Sykes,2015-02-02,0
Jack Sykes,2015-02-03,233
Jack Sykes,2015-02-04,401
Jack Sykes,2015-02-05,0
Jack Sykes,2015-02-06,0
Jack Sykes,2015-02-07,274
Jack Sykes,2015-02-08,0
Jack Sykes,2015-02-09,0
Jack Sykes,2015-02-10,55
Jack Sykes,2015-02-11,1308
Jack Sykes,2015-02-12,757
Jack Sykes,2015-02-13,0
Jack Sykes,2015-02-14,0
Jack Sykes,2015-02-15,0
Jack Sykes,2015-02-16,412
Jack Sykes,2015-02-17,830
Jack Sykes,2015-02-18,0
Jack Sykes,2015-02-19,254
Jack Sykes,2015-02-20,0
Jack Sykes,2015-02-21,0
Jack Sykes,2015-02-22,0
Jack Sykes,2015-02-23,0
Jack Sykes,2015-02-24,28
Jack Sykes,2015-02-25,473
Jack Sykes,2015-02-26,103
Jack Sykes,2015-02-27,0
Jack Sykes,2015-02-28,0
Jack Sykes,2015-03-01,0
Jack Sykes,2015-03-02,0
Jack Sykes,2015-03-03,217
Jack Sykes,2015-03-04,0
Jack Sykes,2015-03-05,298
Jack Sykes,2015-03-06,213
Jack Sykes,2015-03-07,254
Jack Sykes,2015-03-08,0
Jack Sykes,2015-03-09,0
Jack Sykes,2015-03-10,211
Jack Sykes,2015-03-11,0
Jack Sykes,2015-03-12,1593
Jack Sykes,2015-03-13,70
Jack Sykes,2015-03-14,509
Jack Sykes,2015-03-15,0
Jack Sykes,2015-03-16,0
Jack Sykes,2015-03-17,0
Jack Sykes,2015-03-18,0
Jack Sykes,2015-03-19,0
Jack Sykes,2015-03-20,56
Jack Sykes,2015-03-21,271
Jack Sykes,2015-03-22,147
Jack Sykes,2015-03-23,596
Jack Sykes,2015-03-24,372
Jack Sykes,2015-03-25,1988
Jack Sykes,2015-03-26,768
Jack Sykes,2015-03-27,1989
Jack Sykes,2015-03-28,551
Jack Sykes,2015-03-29,2110
Jack Sykes,2015-03-30,54
Jack Sykes,2015-03-31,0
Jack Sykes,2015-04-01,1170
Jack Sykes,2015-04-02,273
Jack Sykes,2015-04-03,1631
Jack Sykes,2015-04-04,202
Jack Sykes,2015-04-05,2731
Jack Sykes,2015-04-06,0
Jack Sykes,2015-04-07,239
Jack Sykes,2015-04-08,768
Jack Sykes,2015-04-09,0
Jack Sykes,2015-04-10,490
Jack Sykes,2015-04-11,816
Jack Sykes,2015-04-12,0
Jack Sykes,2015-04-13,273
Jack Sykes,2015-04-14,68
Jack Sykes,2015-04-15,609
Jack Sykes,2015-04-16,76
Jack Sykes,2015-04-17,667
Jack Sykes,2015-04-18,362
Jack Sykes,2015-04-19,0
Jack Sykes,2015-04-20,117
Jack Sykes,2015-04-21,198
Jack Sykes,2015-04-22,105
Jack Sykes,2015-04-23,435
Jack Sykes,2015-04-24,0
Jack Sykes,2015-04-25,1269
Jack Sykes,2015-04-26,309
Jack Sykes,2015-04-27,88
Jack Sykes,2015-04-28,64
Jack Sykes,2015-04-29,255
Jack Sykes,2015-04-30,0
Jack Sykes,2015-05-01,0
Jack Sykes,2015-05-02,549
Jack Sykes,2015-05-03,1005
Jack Sykes,2015-05-04,0
Jack Sykes,2015-05-05,1003
Jack Sykes,2015-05-06,193
Jack Sykes,2015-05-07,0
Jack Sykes,2015-05-08,0
Jack Sykes,2015-05-09,0
Jack Sykes,2015-05-10,0
Jack Sykes,2015-05-11,0
Jack Sykes,2015-05-12,0
Jack Sykes,2015-05-13,0
Jack Sykes,2015-05-14,0
Jack Sykes,2015-05-15,0
Jack Sykes,2015-05-16,0
Jack Sykes,2015-05-17,0
Jack Sykes,2015-05-18,0
Jack Sykes,2015-05-19,0
Jack Sykes,2015-05-20,0
Jack Sykes,2015-05-21,0
Jack Sykes,2015-05-22,0
Jack Sykes,2015-05-23,0
Jack Sykes,2015-05-24,260
Jack Sykes,2015-05-25,201
Jack Sykes,2015-05-26,813
Jack Sykes,2015-05-27,535
Jack Sykes,2015-05-28,0
Jack Sykes,2015-05-29,0
Jack Sykes,2015-05-30,475
Jack Sykes,2015-05-31,677
Jack Sykes,2015-06-01,0
Jack Sykes,2015-06-02,188
Jack Sykes,2015-06-03,97
Jack Sykes,2015-06-04,348
Jack Sykes,2015-06-05,138
Jack Sykes,2015-06-06,98
Jack Sykes,2015-06-07,0
Jack Sykes,2015-06-08,0
Jenny Allen,2014-11-25,747
Jenny Allen,2014-11-26,0
Jenny Allen,2014-11-27,0
Jenny Allen,2014-11-28,0
Jenny Allen,2014-11-29,0
Jenny Allen,2014-11-30,0
Jenny Allen,2014-12-01,0
Jenny Allen,2014-12-02,0
Jenny Allen,2014-12-03,0
Jenny Allen,2014-12-04,0
Jenny Allen,2014-12-05,0
Jenny Allen,2014-12-06,88
Jenny Allen,2014-12-07,259
Jenny Allen,2014-12-08,564
Jenny Allen,2014-12-09,507
Jenny Allen,2014-12-10,612
Jenny Allen,2014-12-11,0
Jenny Allen,2014-12-12,0
Jenny Allen,2014-12-13,0
Jenny Allen,2014-12-14,0
Jenny Allen,2014-12-15,0
Jenny Allen,2014-12-16,154
Jenny Allen,2014-12-17,0
Jenny Allen,2014-12-18,0
Jenny Allen,2014-12-19,0
Jenny Allen,2014-12-20,0
Jenny Allen,2014-12-21,0
Jenny Allen,2014-12-22,0
Jenny Allen,2014-12-23,0
Jenny Allen,2014-12-24,0
Jenny Allen,2014-12-25,0
Jenny Allen,2014-12-26,0
Jenny Allen,2014-12-27,0
Jenny Allen,2014-12-28,0
Jenny Allen,2014-12-29,0
Jenny Allen,2014-12-30,0
Jenny Allen,2014-12-31,0
Jenny Allen,2015-01-01,0
Jenny Allen,2015-01-02,0
Jenny Allen,2015-01-03,0
Jenny Allen,2015-01-04,0
Jenny Allen,2015-01-05,0
Jenny Allen,2015-01-06,0
Jenny Allen,2015-01-07,0
Jenny Allen,2015-01-08,0
Jenny Allen,2015-01-09,0
Jenny Allen,2015-01-10,0
Jenny Allen,2015-01-11,0
Jenny Allen,2015-01-12,124
Jenny Allen,2015-01-13,0
Jenny Allen,2015-01-14,0
Jenny Allen,2015-01-15,201
Jenny Allen,2015-01-16,109
Jenny Allen,2015-01-17,0
Jenny Allen,2015-01-18,0
Jenny Allen,2015-01-19,46
Jenny Allen,2015-01-20,618
Jenny Allen,2015-01-21,0
Jenny Allen,2015-01-22,0
Jenny Allen,2015-01-23,0
Jenny Allen,2015-01-24,0
Jenny Allen,2015-01-25,80
Jenny Allen,2015-01-26,246
Jenny Allen,2015-01-27,0
Jenny Allen,2015-01-28,1420
Jenny Allen,2015-01-29,41
Jenny Allen,2015-01-30,0
Jenny Allen,2015-01-31,0
Jenny Allen,2015-02-01,0
Jenny Allen,2015-02-02,0
Jenny Allen,2015-02-03,312
Jenny Allen,2015-02-04,0
Jenny Allen,2015-02-05,186
Jenny Allen,2015-02-06,0
Jenny Allen,2015-02-07,104
Jenny Allen,2015-02-08,477
Jenny Allen,2015-02-09,415
Jenny Allen,2015-02-10,569
Jenny Allen,2015-02-11,1195
Jenny Allen,2015-02-12,2600
Jenny Allen,2015-02-13,0
Jenny Allen,2015-02-14,97
Jenny Allen,2015-02-15,357
Jenny Allen,2015-02-16,1926
Jenny Allen,2015-02-17,191
Jenny Allen,2015-02-18,786
Jenny Allen,2015-02-19,1090
Jenny Allen,2015-02-20,0
Jenny Allen,2015-02-21,302
Jenny Allen,2015-02-22,317
Jenny Allen,2015-02-23,1132
Jenny Allen,2015-02-24,355
Jenny Allen,2015-02-25,0
Jenny Allen,2015-02-26,0
Jenny Allen,2015-02-27,0
Jenny Allen,2015-02-28,0
Jenny Allen,2015-03-01,242
Jenny Allen,2015-03-02,1077
Jenny Allen,2015-03-03,0
Jenny Allen,2015-03-04,1602
Jenny Allen,2015-03-05,2039
Jenny Allen,2015-03-06,0
Jenny Allen,2015-03-07,0
Jenny Allen,2015-03-08,0
Jenny Allen,2015-03-09,0
Jenny Allen,2015-03-10,0
Jenny Allen,2015-03-11,0
Jenny Allen,2015-03-12,0
Jenny Allen,2015-03-13,0
Jenny Allen,2015-03-14,0
Jenny Allen,2015-03-15,0
Jenny Allen,2015-03-16,0
Jenny Allen,2015-03-17,0
Jenny Allen,2015-03-18,0
Jenny Allen,2015-03-19,0
Jenny Allen,2015-03-20,0
Jenny Allen,2015-03-21,0
Jenny Allen,2015-03-22,707
Jenny Allen,2015-03-23,577
Jenny Allen,2015-03-24,363
Jenny Allen,2015-03-25,4074
Jenny Allen,2015-03-26,406
Jenny Allen,2015-03-27,0
Jenny Allen,2015-03-28,50
Jenny Allen,2015-03-29,17
Jenny Allen,2015-03-30,1524
Jenny Allen,2015-03-31,281
Jenny Allen,2015-04-01,2384
Jenny Allen,2015-04-02,351
Jenny Allen,2015-04-03,0
Jenny Allen,2015-04-04,0
Jenny Allen,2015-04-05,0
Jenny Allen,2015-04-06,1996
Jenny Allen,2015-04-07,547
Jenny Allen,2015-04-08,1146
Jenny Allen,2015-04-09,1
Jenny Allen,2015-04-10,0
Jenny Allen,2015-04-11,0
Jenny Allen,2015-04-12,0
Jenny Allen,2015-04-13,287
Jenny Allen,2015-04-14,23
Jenny Allen,2015-04-15,71
Jenny Allen,2015-04-16,476
Jenny Allen,2015-04-17,0
Jenny Allen,2015-04-18,0
Jenny Allen,2015-04-19,1731
Jenny Allen,2015-04-20,805
Jenny Allen,2015-04-21,1480
Jenny Allen,2015-04-22,0
Jenny Allen,2015-04-23,884
Jenny Allen,2015-04-24,0
Jenny Allen,2015-04-25,0
Jenny Allen,2015-04-26,0
Jenny Allen,2015-04-27,0
Jenny Allen,2015-04-28,0
Jenny Allen,2015-04-29,0
Jenny Allen,2015-04-30,0
Jenny Allen,2015-05-01,0
Jenny Allen,2015-05-02,0
Jenny Allen,2015-05-03,0
Jenny Allen,2015-05-04,0
Jenny Allen,2015-05-05,0
Jenny Allen,2015-05-06,0
Jenny Allen,2015-05-07,0
Jenny Allen,2015-05-08,0
Jenny Allen,2015-05-09,0
Jenny Allen,2015-05-10,0
Jenny Allen,2015-05-11,0
Jenny Allen,2015-05-12,0
Jenny Allen,2015-05-13,0
Jenny Allen,2015-05-14,0
Jenny Allen,2015-05-15,0
Jenny Allen,2015-05-16,0
Jenny Allen,2015-05-17,0
Jenny Allen,2015-05-18,0
Jenny Allen,2015-05-19,0
Jenny Allen,2015-05-20,0
Jenny Allen,2015-05-21,0
Jenny Allen,2015-05-22,0
Jenny Allen,2015-05-23,0
Jenny Allen,2015-05-24,5605
Jenny Allen,2015-05-25,0
Jenny Allen,2015-05-26,0
Jenny Allen,2015-05-27,0
Jenny Allen,2015-05-28,0
Jenny Allen,2015-05-29,0
Jenny Allen,2015-05-30,0
Jenny Allen,2015-05-31,0
Jenny Allen,2015-06-01,0
Jenny Allen,2015-06-02,0
Jenny Allen,2015-06-03,0
Jenny Allen,2015-06-04,0
Jenny Allen,2015-06-05,0
Jenny Allen,2015-06-06,0
Jenny Allen,2015-06-07,0
Jenny Allen,2015-06-08,0
Josh Isenstein,2014-11-25,0
Josh Isenstein,2014-11-26,0
Josh Isenstein,2014-11-27,0
Josh Isenstein,2014-11-28,0
Josh Isenstein,2014-11-29,0
Josh Isenstein,2014-11-30,0
Josh Isenstein,2014-12-01,0
Josh Isenstein,2014-12-02,0
Josh Isenstein,2014-12-03,0
Josh Isenstein,2014-12-04,1441
Josh Isenstein,2014-12-05,0
Josh Isenstein,2014-12-06,0
Josh Isenstein,2014-12-07,0
Josh Isenstein,2014-12-08,0
Josh Isenstein,2014-12-09,0
Josh Isenstein,2014-12-10,0
Josh Isenstein,2014-12-11,0
Josh Isenstein,2014-12-12,0
Josh Isenstein,2014-12-13,0
Josh Isenstein,2014-12-14,0
Josh Isenstein,2014-12-15,0
Josh Isenstein,2014-12-16,0
Josh Isenstein,2014-12-17,0
Josh Isenstein,2014-12-18,0
Josh Isenstein,2014-12-19,0
Josh Isenstein,2014-12-20,0
Josh Isenstein,2014-12-21,0
Josh Isenstein,2014-12-22,0
Josh Isenstein,2014-12-23,0
Josh Isenstein,2014-12-24,0
Josh Isenstein,2014-12-25,0
Josh Isenstein,2014-12-26,0
Josh Isenstein,2014-12-27,0
Josh Isenstein,2014-12-28,0
Josh Isenstein,2014-12-29,0
Josh Isenstein,2014-12-30,0
Josh Isenstein,2014-12-31,0
Josh Isenstein,2015-01-01,0
Josh Isenstein,2015-01-02,0
Josh Isenstein,2015-01-03,0
Josh Isenstein,2015-01-04,0
Josh Isenstein,2015-01-05,0
Josh Isenstein,2015-01-06,0
Josh Isenstein,2015-01-07,0
Josh Isenstein,2015-01-08,0
Josh Isenstein,2015-01-09,0
Josh Isenstein,2015-01-10,0
Josh Isenstein,2015-01-11,1008
Josh Isenstein,2015-01-12,160
Josh Isenstein,2015-01-13,0
Josh Isenstein,2015-01-14,0
Josh Isenstein,2015-01-15,0
Josh Isenstein,2015-01-16,0
Josh Isenstein,2015-01-17,0
Josh Isenstein,2015-01-18,0
Josh Isenstein,2015-01-19,0
Josh Isenstein,2015-01-20,1068
Josh Isenstein,2015-01-21,0
Josh Isenstein,2015-01-22,0
Josh Isenstein,2015-01-23,0
Josh Isenstein,2015-01-24,0
Josh Isenstein,2015-01-25,593
Josh Isenstein,2015-01-26,103
Josh Isenstein,2015-01-27,775
Josh Isenstein,2015-01-28,806
Josh Isenstein,2015-01-29,0
Josh Isenstein,2015-01-30,0
Josh Isenstein,2015-01-31,0
Josh Isenstein,2015-02-01,276
Josh Isenstein,2015-02-02,121
Josh Isenstein,2015-02-03,247
Josh Isenstein,2015-02-04,622
Josh Isenstein,2015-02-05,90
Josh Isenstein,2015-02-06,0
Josh Isenstein,2015-02-07,0
Josh Isenstein,2015-02-08,0
Josh Isenstein,2015-02-09,58
Josh Isenstein,2015-02-10,515
Josh Isenstein,2015-02-11,5037
Josh Isenstein,2015-02-12,503
Josh Isenstein,2015-02-13,70
Josh Isenstein,2015-02-14,0
Josh Isenstein,2015-02-15,818
Josh Isenstein,2015-02-16,1058
Josh Isenstein,2015-02-17,714
Josh Isenstein,2015-02-18,790
Josh Isenstein,2015-02-19,245
Josh Isenstein,2015-02-20,0
Josh Isenstein,2015-02-21,23
Josh Isenstein,2015-02-22,1701
Josh Isenstein,2015-02-23,242
Josh Isenstein,2015-02-24,0
Josh Isenstein,2015-02-25,690
Josh Isenstein,2015-02-26,1581
Josh Isenstein,2015-02-27,682
Josh Isenstein,2015-02-28,1258
Josh Isenstein,2015-03-01,1050
Josh Isenstein,2015-03-02,758
Josh Isenstein,2015-03-03,1821
Josh Isenstein,2015-03-04,1180
Josh Isenstein,2015-03-05,2300
Josh Isenstein,2015-03-06,1
Josh Isenstein,2015-03-07,56
Josh Isenstein,2015-03-08,0
Josh Isenstein,2015-03-09,248
Josh Isenstein,2015-03-10,23
Josh Isenstein,2015-03-11,299
Josh Isenstein,2015-03-12,68
Josh Isenstein,2015-03-13,0
Josh Isenstein,2015-03-14,0
Josh Isenstein,2015-03-15,233
Josh Isenstein,2015-03-16,0
Josh Isenstein,2015-03-17,0
Josh Isenstein,2015-03-18,0
Josh Isenstein,2015-03-19,0
Josh Isenstein,2015-03-20,0
Josh Isenstein,2015-03-21,0
Josh Isenstein,2015-03-22,687
Josh Isenstein,2015-03-23,309
Josh Isenstein,2015-03-24,236
Josh Isenstein,2015-03-25,902
Josh Isenstein,2015-03-26,766
Josh Isenstein,2015-03-27,76
Josh Isenstein,2015-03-28,51
Josh Isenstein,2015-03-29,533
Josh Isenstein,2015-03-30,1429
Josh Isenstein,2015-03-31,855
Josh Isenstein,2015-04-01,0
Josh Isenstein,2015-04-02,0
Josh Isenstein,2015-04-03,0
Josh Isenstein,2015-04-04,0
Josh Isenstein,2015-04-05,0
Josh Isenstein,2015-04-06,53
Josh Isenstein,2015-04-07,695
Josh Isenstein,2015-04-08,1182
Josh Isenstein,2015-04-09,0
Josh Isenstein,2015-04-10,573
Josh Isenstein,2015-04-11,641
Josh Isenstein,2015-04-12,411
Josh Isenstein,2015-04-13,950
Josh Isenstein,2015-04-14,1175
Josh Isenstein,2015-04-15,1106
Josh Isenstein,2015-04-16,297
Josh Isenstein,2015-04-17,709
Josh Isenstein,2015-04-18,813
Josh Isenstein,2015-04-19,2506
Josh Isenstein,2015-04-20,1434
Josh Isenstein,2015-04-21,1109
Josh Isenstein,2015-04-22,2839
Josh Isenstein,2015-04-23,2990
Josh Isenstein,2015-04-24,2686
Josh Isenstein,2015-04-25,320
Josh Isenstein,2015-04-26,111
Josh Isenstein,2015-04-27,350
Josh Isenstein,2015-04-28,2539
Josh Isenstein,2015-04-29,1436
Josh Isenstein,2015-04-30,2927
Josh Isenstein,2015-05-01,675
Josh Isenstein,2015-05-02,923
Josh Isenstein,2015-05-03,1260
Josh Isenstein,2015-05-04,816
Josh Isenstein,2015-05-05,2766
Josh Isenstein,2015-05-06,1689
Josh Isenstein,2015-05-07,281
Josh Isenstein,2015-05-08,0
Josh Isenstein,2015-05-09,0
Josh Isenstein,2015-05-10,0
Josh Isenstein,2015-05-11,0
Josh Isenstein,2015-05-12,17
Josh Isenstein,2015-05-13,118
Josh Isenstein,2015-05-14,164
Josh Isenstein,2015-05-15,0
Josh Isenstein,2015-05-16,0
Josh Isenstein,2015-05-17,358
Josh Isenstein,2015-05-18,0
Josh Isenstein,2015-05-19,0
Josh Isenstein,2015-05-20,0
Josh Isenstein,2015-05-21,374
Josh Isenstein,2015-05-22,0
Josh Isenstein,2015-05-23,0
Josh Isenstein,2015-05-24,45
Josh Isenstein,2015-05-25,0
Josh Isenstein,2015-05-26,0
Josh Isenstein,2015-05-27,253
Josh Isenstein,2015-05-28,0
Josh Isenstein,2015-05-29,0
Josh Isenstein,2015-05-30,0
Josh Isenstein,2015-05-31,0
Josh Isenstein,2015-06-01,1673
Josh Isenstein,2015-06-02,1244
Josh Isenstein,2015-06-03,0
Josh Isenstein,2015-06-04,0
Josh Isenstein,2015-06-05,12
Josh Isenstein,2015-06-06,0
Josh Isenstein,2015-06-07,0
Josh Isenstein,2015-06-08,0
Luke Hansen,2014-11-25,486
Luke Hansen,2014-11-26,0
Luke Hansen,2014-11-27,0
Luke Hansen,2014-11-28,0
Luke Hansen,2014-11-29,0
Luke Hansen,2014-11-30,870
Luke Hansen,2014-12-01,0
Luke Hansen,2014-12-02,0
Luke Hansen,2014-12-03,0
Luke Hansen,2014-12-04,0
Luke Hansen,2014-12-05,0
Luke Hansen,2014-12-06,0
Luke Hansen,2014-12-07,0
Luke Hansen,2014-12-08,0
Luke Hansen,2014-12-09,0
Luke Hansen,2014-12-10,0
Luke Hansen,2014-12-11,0
Luke Hansen,2014-12-12,0
Luke Hansen,2014-12-13,256
Luke Hansen,2014-12-14,0
Luke Hansen,2014-12-15,0
Luke Hansen,2014-12-16,0
Luke Hansen,2014-12-17,0
Luke Hansen,2014-12-18,0
Luke Hansen,2014-12-19,0
Luke Hansen,2014-12-20,0
Luke Hansen,2014-12-21,0
Luke Hansen,2014-12-22,0
Luke Hansen,2014-12-23,0
Luke Hansen,2014-12-24,0
Luke Hansen,2014-12-25,0
Luke Hansen,2014-12-26,0
Luke Hansen,2014-12-27,0
Luke Hansen,2014-12-28,0
Luke Hansen,2014-12-29,0
Luke Hansen,2014-12-30,0
Luke Hansen,2014-12-31,0
Luke Hansen,2015-01-01,0
Luke Hansen,2015-01-02,0
Luke Hansen,2015-01-03,0
Luke Hansen,2015-01-04,0
Luke Hansen,2015-01-05,0
Luke Hansen,2015-01-06,0
Luke Hansen,2015-01-07,0
Luke Hansen,2015-01-08,0
Luke Hansen,2015-01-09,0
Luke Hansen,2015-01-10,0
Luke Hansen,2015-01-11,0
Luke Hansen,2015-01-12,0
Luke Hansen,2015-01-13,0
Luke Hansen,2015-01-14,0
Luke Hansen,2015-01-15,0
Luke Hansen,2015-01-16,0
Luke Hansen,2015-01-17,0
Luke Hansen,2015-01-18,0
Luke Hansen,2015-01-19,0
Luke Hansen,2015-01-20,662
Luke Hansen,2015-01-21,0
Luke Hansen,2015-01-22,0
Luke Hansen,2015-01-23,0
Luke Hansen,2015-01-24,0
Luke Hansen,2015-01-25,0
Luke Hansen,2015-01-26,1325
Luke Hansen,2015-01-27,6428
Luke Hansen,2015-01-28,250
Luke Hansen,2015-01-29,0
Luke Hansen,2015-01-30,107
Luke Hansen,2015-01-31,0
Luke Hansen,2015-02-01,0
Luke Hansen,2015-02-02,1076
Luke Hansen,2015-02-03,598
Luke Hansen,2015-02-04,6268
Luke Hansen,2015-02-05,0
Luke Hansen,2015-02-06,0
Luke Hansen,2015-02-07,0
Luke Hansen,2015-02-08,0
Luke Hansen,2015-02-09,486
Luke Hansen,2015-02-10,3639
Luke Hansen,2015-02-11,4451
Luke Hansen,2015-02-12,0
Luke Hansen,2015-02-13,0
Luke Hansen,2015-02-14,0
Luke Hansen,2015-02-15,0
Luke Hansen,2015-02-16,181
Luke Hansen,2015-02-17,4680
Luke Hansen,2015-02-18,2258
Luke Hansen,2015-02-19,0
Luke Hansen,2015-02-20,0
Luke Hansen,2015-02-21,0
Luke Hansen,2015-02-22,0
Luke Hansen,2015-02-23,0
Luke Hansen,2015-02-24,0
Luke Hansen,2015-02-25,0
Luke Hansen,2015-02-26,0
Luke Hansen,2015-02-27,0
Luke Hansen,2015-02-28,1116
Luke Hansen,2015-03-01,290
Luke Hansen,2015-03-02,0
Luke Hansen,2015-03-03,452
Luke Hansen,2015-03-04,1378
Luke Hansen,2015-03-05,1151
Luke Hansen,2015-03-06,0
Luke Hansen,2015-03-07,0
Luke Hansen,2015-03-08,0
Luke Hansen,2015-03-09,0
Luke Hansen,2015-03-10,0
Luke Hansen,2015-03-11,0
Luke Hansen,2015-03-12,0
Luke Hansen,2015-03-13,0
Luke Hansen,2015-03-14,0
Luke Hansen,2015-03-15,0
Luke Hansen,2015-03-16,0
Luke Hansen,2015-03-17,0
Luke Hansen,2015-03-18,0
Luke Hansen,2015-03-19,0
Luke Hansen,2015-03-20,0
Luke Hansen,2015-03-21,0
Luke Hansen,2015-03-22,0
Luke Hansen,2015-03-23,0
Luke Hansen,2015-03-24,0
Luke Hansen,2015-03-25,0
Luke Hansen,2015-03-26,0
Luke Hansen,2015-03-27,0
Luke Hansen,2015-03-28,0
Luke Hansen,2015-03-29,58
Luke Hansen,2015-03-30,460
Luke Hansen,2015-03-31,0
Luke Hansen,2015-04-01,0
Luke Hansen,2015-04-02,0
Luke Hansen,2015-04-03,0
Luke Hansen,2015-04-04,0
Luke Hansen,2015-04-05,0
Luke Hansen,2015-04-06,0
Luke Hansen,2015-04-07,0
Luke Hansen,2015-04-08,452
Luke Hansen,2015-04-09,0
Luke Hansen,2015-04-10,0
Luke Hansen,2015-04-11,0
Luke Hansen,2015-04-12,0
Luke Hansen,2015-04-13,0
Luke Hansen,2015-04-14,184
Luke Hansen,2015-04-15,5862
Luke Hansen,2015-04-16,1939
Luke Hansen,2015-04-17,0
Luke Hansen,2015-04-18,0
Luke Hansen,2015-04-19,0
Luke Hansen,2015-04-20,0
Luke Hansen,2015-04-21,147
Luke Hansen,2015-04-22,0
Luke Hansen,2015-04-23,0
Luke Hansen,2015-04-24,0
Luke Hansen,2015-04-25,0
Luke Hansen,2015-04-26,0
Luke Hansen,2015-04-27,0
Luke Hansen,2015-04-28,0
Luke Hansen,2015-04-29,0
Luke Hansen,2015-04-30,19
Luke Hansen,2015-05-01,0
Luke Hansen,2015-05-02,0
Luke Hansen,2015-05-03,0
Luke Hansen,2015-05-04,0
Luke Hansen,2015-05-05,0
Luke Hansen,2015-05-06,0
Luke Hansen,2015-05-07,0
Luke Hansen,2015-05-08,0
Luke Hansen,2015-05-09,0
Luke Hansen,2015-05-10,0
Luke Hansen,2015-05-11,0
Luke Hansen,2015-05-12,0
Luke Hansen,2015-05-13,0
Luke Hansen,2015-05-14,0
Luke Hansen,2015-05-15,0
Luke Hansen,2015-05-16,0
Luke Hansen,2015-05-17,0
Luke Hansen,2015-05-18,0
Luke Hansen,2015-05-19,0
Luke Hansen,2015-05-20,0
Luke Hansen,2015-05-21,0
Luke Hansen,2015-05-22,0
Luke Hansen,2015-05-23,0
Luke Hansen,2015-05-24,0
Luke Hansen,2015-05-25,0
Luke Hansen,2015-05-26,0
Luke Hansen,2015-05-27,0
Luke Hansen,2015-05-28,0
Luke Hansen,2015-05-29,0
Luke Hansen,2015-05-30,0
Luke Hansen,2015-05-31,0
Luke Hansen,2015-06-01,0
Luke Hansen,2015-06-02,0
Luke Hansen,2015-06-03,0
Luke Hansen,2015-06-04,0
Luke Hansen,2015-06-05,0
Luke Hansen,2015-06-06,0
Luke Hansen,2015-06-07,0
Luke Hansen,2015-06-08,0
Mom,2014-11-25,0
Mom,2014-11-26,39
Mom,2014-11-27,0
Mom,2014-11-28,119
Mom,2014-11-29,542
Mom,2014-11-30,284
Mom,2014-12-01,0
Mom,2014-12-02,22
Mom,2014-12-03,0
Mom,2014-12-04,1312
Mom,2014-12-05,373
Mom,2014-12-06,26
Mom,2014-12-07,0
Mom,2014-12-08,0
Mom,2014-12-09,0
Mom,2014-12-10,687
Mom,2014-12-11,0
Mom,2014-12-12,308
Mom,2014-12-13,0
Mom,2014-12-14,56
Mom,2014-12-15,125
Mom,2014-12-16,467
Mom,2014-12-17,522
Mom,2014-12-18,1229
Mom,2014-12-19,45
Mom,2014-12-20,3
Mom,2014-12-21,0
Mom,2014-12-22,0
Mom,2014-12-23,0
Mom,2014-12-24,0
Mom,2014-12-25,0
Mom,2014-12-26,0
Mom,2014-12-27,0
Mom,2014-12-28,0
Mom,2014-12-29,0
Mom,2014-12-30,8
Mom,2014-12-31,0
Mom,2015-01-01,210
Mom,2015-01-02,0
Mom,2015-01-03,689
Mom,2015-01-04,46
Mom,2015-01-05,0
Mom,2015-01-06,209
Mom,2015-01-07,0
Mom,2015-01-08,234
Mom,2015-01-09,310
Mom,2015-01-10,522
Mom,2015-01-11,306
Mom,2015-01-12,0
Mom,2015-01-13,0
Mom,2015-01-14,350
Mom,2015-01-15,69
Mom,2015-01-16,73
Mom,2015-01-17,106
Mom,2015-01-18,420
Mom,2015-01-19,17
Mom,2015-01-20,759
Mom,2015-01-21,2565
Mom,2015-01-22,88
Mom,2015-01-23,574
Mom,2015-01-24,851
Mom,2015-01-25,0
Mom,2015-01-26,547
Mom,2015-01-27,355
Mom,2015-01-28,48
Mom,2015-01-29,127
Mom,2015-01-30,394
Mom,2015-01-31,1067
Mom,2015-02-01,0
Mom,2015-02-02,134
Mom,2015-02-03,963
Mom,2015-02-04,1071
Mom,2015-02-05,1006
Mom,2015-02-06,511
Mom,2015-02-07,310
Mom,2015-02-08,131
Mom,2015-02-09,235
Mom,2015-02-10,0
Mom,2015-02-11,657
Mom,2015-02-12,544
Mom,2015-02-13,702
Mom,2015-02-14,423
Mom,2015-02-15,412
Mom,2015-02-16,445
Mom,2015-02-17,894
Mom,2015-02-18,535
Mom,2015-02-19,503
Mom,2015-02-20,283
Mom,2015-02-21,119
Mom,2015-02-22,808
Mom,2015-02-23,202
Mom,2015-02-24,0
Mom,2015-02-25,0
Mom,2015-02-26,935
Mom,2015-02-27,123
Mom,2015-02-28,195
Mom,2015-03-01,2607
Mom,2015-03-02,776
Mom,2015-03-03,155
Mom,2015-03-04,0
Mom,2015-03-05,0
Mom,2015-03-06,0
Mom,2015-03-07,264
Mom,2015-03-08,6
Mom,2015-03-09,141
Mom,2015-03-10,466
Mom,2015-03-11,540
Mom,2015-03-12,147
Mom,2015-03-13,258
Mom,2015-03-14,0
Mom,2015-03-15,0
Mom,2015-03-16,513
Mom,2015-03-17,730
Mom,2015-03-18,129
Mom,2015-03-19,139
Mom,2015-03-20,246
Mom,2015-03-21,0
Mom,2015-03-22,105
Mom,2015-03-23,0
Mom,2015-03-24,0
Mom,2015-03-25,66
Mom,2015-03-26,0
Mom,2015-03-27,74
Mom,2015-03-28,460
Mom,2015-03-29,0
Mom,2015-03-30,0
Mom,2015-03-31,0
Mom,2015-04-01,164
Mom,2015-04-02,218
Mom,2015-04-03,519
Mom,2015-04-04,39
Mom,2015-04-05,0
Mom,2015-04-06,43
Mom,2015-04-07,51
Mom,2015-04-08,0
Mom,2015-04-09,0
Mom,2015-04-10,132
Mom,2015-04-11,0
Mom,2015-04-12,57
Mom,2015-04-13,0
Mom,2015-04-14,0
Mom,2015-04-15,0
Mom,2015-04-16,235
Mom,2015-04-17,0
Mom,2015-04-18,0
Mom,2015-04-19,0
Mom,2015-04-20,0
Mom,2015-04-21,241
Mom,2015-04-22,0
Mom,2015-04-23,0
Mom,2015-04-24,0
Mom,2015-04-25,0
Mom,2015-04-26,281
Mom,2015-04-27,0
Mom,2015-04-28,339
Mom,2015-04-29,112
Mom,2015-04-30,58
Mom,2015-05-01,158
Mom,2015-05-02,353
Mom,2015-05-03,37
Mom,2015-05-04,225
Mom,2015-05-05,296
Mom,2015-05-06,0
Mom,2015-05-07,91
Mom,2015-05-08,100
Mom,2015-05-09,1162
Mom,2015-05-10,96
Mom,2015-05-11,46
Mom,2015-05-12,0
Mom,2015-05-13,499
Mom,2015-05-14,0
Mom,2015-05-15,850
Mom,2015-05-16,362
Mom,2015-05-17,11
Mom,2015-05-18,0
Mom,2015-05-19,0
Mom,2015-05-20,0
Mom,2015-05-21,0
Mom,2015-05-22,0
Mom,2015-05-23,618
Mom,2015-05-24,121
Mom,2015-05-25,522
Mom,2015-05-26,0
Mom,2015-05-27,12
Mom,2015-05-28,193
Mom,2015-05-29,284
Mom,2015-05-30,0
Mom,2015-05-31,540
Mom,2015-06-01,47
Mom,2015-06-02,0
Mom,2015-06-03,160
Mom,2015-06-04,0
Mom,2015-06-05,625
Mom,2015-06-06,27
Mom,2015-06-07,465
Mom,2015-06-08,0
Sam Shleifer,2014-11-25,0
Sam Shleifer,2014-11-26,0
Sam Shleifer,2014-11-27,0
Sam Shleifer,2014-11-28,0
Sam Shleifer,2014-11-29,0
Sam Shleifer,2014-11-30,145
Sam Shleifer,2014-12-01,686
Sam Shleifer,2014-12-02,23
Sam Shleifer,2014-12-03,324
Sam Shleifer,2014-12-04,0
Sam Shleifer,2014-12-05,962
Sam Shleifer,2014-12-06,692
Sam Shleifer,2014-12-07,243
Sam Shleifer,2014-12-08,350
Sam Shleifer,2014-12-09,222
Sam Shleifer,2014-12-10,137
Sam Shleifer,2014-12-11,912
Sam Shleifer,2014-12-12,123
Sam Shleifer,2014-12-13,0
Sam Shleifer,2014-12-14,1768
Sam Shleifer,2014-12-15,61
Sam Shleifer,2014-12-16,588
Sam Shleifer,2014-12-17,2788
Sam Shleifer,2014-12-18,0
Sam Shleifer,2014-12-19,0
Sam Shleifer,2014-12-20,10
Sam Shleifer,2014-12-21,13
Sam Shleifer,2014-12-22,0
Sam Shleifer,2014-12-23,0
Sam Shleifer,2014-12-24,0
Sam Shleifer,2014-12-25,0
Sam Shleifer,2014-12-26,74
Sam Shleifer,2014-12-27,1124
Sam Shleifer,2014-12-28,6
Sam Shleifer,2014-12-29,0
Sam Shleifer,2014-12-30,279
Sam Shleifer,2014-12-31,0
Sam Shleifer,2015-01-01,0
Sam Shleifer,2015-01-02,0
Sam Shleifer,2015-01-03,0
Sam Shleifer,2015-01-04,66
Sam Shleifer,2015-01-05,0
Sam Shleifer,2015-01-06,0
Sam Shleifer,2015-01-07,383
Sam Shleifer,2015-01-08,0
Sam Shleifer,2015-01-09,531
Sam Shleifer,2015-01-10,0
Sam Shleifer,2015-01-11,551
Sam Shleifer,2015-01-12,289
Sam Shleifer,2015-01-13,0
Sam Shleifer,2015-01-14,109
Sam Shleifer,2015-01-15,404
Sam Shleifer,2015-01-16,385
Sam Shleifer,2015-01-17,17
Sam Shleifer,2015-01-18,128
Sam Shleifer,2015-01-19,101
Sam Shleifer,2015-01-20,27
Sam Shleifer,2015-01-21,1743
Sam Shleifer,2015-01-22,282
Sam Shleifer,2015-01-23,4
Sam Shleifer,2015-01-24,0
Sam Shleifer,2015-01-25,325
Sam Shleifer,2015-01-26,2510
Sam Shleifer,2015-01-27,119
Sam Shleifer,2015-01-28,248
Sam Shleifer,2015-01-29,540
Sam Shleifer,2015-01-30,373
Sam Shleifer,2015-01-31,0
Sam Shleifer,2015-02-01,260
Sam Shleifer,2015-02-02,284
Sam Shleifer,2015-02-03,0
Sam Shleifer,2015-02-04,131
Sam Shleifer,2015-02-05,158
Sam Shleifer,2015-02-06,247
Sam Shleifer,2015-02-07,806
Sam Shleifer,2015-02-08,421
Sam Shleifer,2015-02-09,772
Sam Shleifer,2015-02-10,57
Sam Shleifer,2015-02-11,795
Sam Shleifer,2015-02-12,1029
Sam Shleifer,2015-02-13,100
Sam Shleifer,2015-02-14,426
Sam Shleifer,2015-02-15,37
Sam Shleifer,2015-02-16,248
Sam Shleifer,2015-02-17,1051
Sam Shleifer,2015-02-18,492
Sam Shleifer,2015-02-19,41
Sam Shleifer,2015-02-20,286
Sam Shleifer,2015-02-21,84
Sam Shleifer,2015-02-22,74
Sam Shleifer,2015-02-23,685
Sam Shleifer,2015-02-24,227
Sam Shleifer,2015-02-25,300
Sam Shleifer,2015-02-26,27
Sam Shleifer,2015-02-27,0
Sam Shleifer,2015-02-28,0
Sam Shleifer,2015-03-01,818
Sam Shleifer,2015-03-02,733
Sam Shleifer,2015-03-03,37
Sam Shleifer,2015-03-04,1049
Sam Shleifer,2015-03-05,573
Sam Shleifer,2015-03-06,276
Sam Shleifer,2015-03-07,0
Sam Shleifer,2015-03-08,0
Sam Shleifer,2015-03-09,0
Sam Shleifer,2015-03-10,0
Sam Shleifer,2015-03-11,0
Sam Shleifer,2015-03-12,0
Sam Shleifer,2015-03-13,0
Sam Shleifer,2015-03-14,0
Sam Shleifer,2015-03-15,498
Sam Shleifer,2015-03-16,0
Sam Shleifer,2015-03-17,0
Sam Shleifer,2015-03-18,0
Sam Shleifer,2015-03-19,0
Sam Shleifer,2015-03-20,0
Sam Shleifer,2015-03-21,0
Sam Shleifer,2015-03-22,331
Sam Shleifer,2015-03-23,692
Sam Shleifer,2015-03-24,786
Sam Shleifer,2015-03-25,2312
Sam Shleifer,2015-03-26,1530
Sam Shleifer,2015-03-27,130
Sam Shleifer,2015-03-28,9
Sam Shleifer,2015-03-29,277
Sam Shleifer,2015-03-30,2090
Sam Shleifer,2015-03-31,1023
Sam Shleifer,2015-04-01,1778
Sam Shleifer,2015-04-02,1149
Sam Shleifer,2015-04-03,1587
Sam Shleifer,2015-04-04,0
Sam Shleifer,2015-04-05,125
Sam Shleifer,2015-04-06,570
Sam Shleifer,2015-04-07,150
Sam Shleifer,2015-04-08,115
Sam Shleifer,2015-04-09,2906
Sam Shleifer,2015-04-10,689
Sam Shleifer,2015-04-11,1488
Sam Shleifer,2015-04-12,272
Sam Shleifer,2015-04-13,738
Sam Shleifer,2015-04-14,672
Sam Shleifer,2015-04-15,78
Sam Shleifer,2015-04-16,39
Sam Shleifer,2015-04-17,0
Sam Shleifer,2015-04-18,269
Sam Shleifer,2015-04-19,1147
Sam Shleifer,2015-04-20,9
Sam Shleifer,2015-04-21,56
Sam Shleifer,2015-04-22,266
Sam Shleifer,2015-04-23,366
Sam Shleifer,2015-04-24,32
Sam Shleifer,2015-04-25,78
Sam Shleifer,2015-04-26,575
Sam Shleifer,2015-04-27,280
Sam Shleifer,2015-04-28,1369
Sam Shleifer,2015-04-29,1375
Sam Shleifer,2015-04-30,1111
Sam Shleifer,2015-05-01,2516
Sam Shleifer,2015-05-02,513
Sam Shleifer,2015-05-03,736
Sam Shleifer,2015-05-04,317
Sam Shleifer,2015-05-05,223
Sam Shleifer,2015-05-06,0
Sam Shleifer,2015-05-07,0
Sam Shleifer,2015-05-08,3650
Sam Shleifer,2015-05-09,466
Sam Shleifer,2015-05-10,655
Sam Shleifer,2015-05-11,0
Sam Shleifer,2015-05-12,0
Sam Shleifer,2015-05-13,0
Sam Shleifer,2015-05-14,0
Sam Shleifer,2015-05-15,1139
Sam Shleifer,2015-05-16,259
Sam Shleifer,2015-05-17,25
Sam Shleifer,2015-05-18,0
Sam Shleifer,2015-05-19,108
Sam Shleifer,2015-05-20,0
Sam Shleifer,2015-05-21,28
Sam Shleifer,2015-05-22,0
Sam Shleifer,2015-05-23,0
Sam Shleifer,2015-05-24,0
Sam Shleifer,2015-05-25,0
Sam Shleifer,2015-05-26,0
Sam Shleifer,2015-05-27,1670
Sam Shleifer,2015-05-28,546
Sam Shleifer,2015-05-29,164
Sam Shleifer,2015-05-30,1551
Sam Shleifer,2015-05-31,6483
Sam Shleifer,2015-06-01,1276
Sam Shleifer,2015-06-02,2638
Sam Shleifer,2015-06-03,4493
Sam Shleifer,2015-06-04,1242
Sam Shleifer,2015-06-05,2517
Sam Shleifer,2015-06-06,112
Sam Shleifer,2015-06-07,2172
Sam Shleifer,2015-06-08,123
TJ Dembinski,2014-11-25,0
TJ Dembinski,2014-11-26,0
TJ Dembinski,2014-11-27,126
TJ Dembinski,2014-11-28,0
TJ Dembinski,2014-11-29,0
TJ Dembinski,2014-11-30,1234
TJ Dembinski,2014-12-01,1672
TJ Dembinski,2014-12-02,376
TJ Dembinski,2014-12-03,0
TJ Dembinski,2014-12-04,359
TJ Dembinski,2014-12-05,247
TJ Dembinski,2014-12-06,0
TJ Dembinski,2014-12-07,0
TJ Dembinski,2014-12-08,0
TJ Dembinski,2014-12-09,0
TJ Dembinski,2014-12-10,336
TJ Dembinski,2014-12-11,622
TJ Dembinski,2014-12-12,575
TJ Dembinski,2014-12-13,420
TJ Dembinski,2014-12-14,256
TJ Dembinski,2014-12-15,73
TJ Dembinski,2014-12-16,474
TJ Dembinski,2014-12-17,0
TJ Dembinski,2014-12-18,0
TJ Dembinski,2014-12-19,0
TJ Dembinski,2014-12-20,0
TJ Dembinski,2014-12-21,0
TJ Dembinski,2014-12-22,0
TJ Dembinski,2014-12-23,975
TJ Dembinski,2014-12-24,175
TJ Dembinski,2014-12-25,235
TJ Dembinski,2014-12-26,0
TJ Dembinski,2014-12-27,828
TJ Dembinski,2014-12-28,2
TJ Dembinski,2014-12-29,4472
TJ Dembinski,2014-12-30,896
TJ Dembinski,2014-12-31,0
TJ Dembinski,2015-01-01,0
TJ Dembinski,2015-01-02,798
TJ Dembinski,2015-01-03,233
TJ Dembinski,2015-01-04,740
TJ Dembinski,2015-01-05,0
TJ Dembinski,2015-01-06,42
TJ Dembinski,2015-01-07,1055
TJ Dembinski,2015-01-08,351
TJ Dembinski,2015-01-09,209
TJ Dembinski,2015-01-10,0
TJ Dembinski,2015-01-11,86
TJ Dembinski,2015-01-12,1121
TJ Dembinski,2015-01-13,1828
TJ Dembinski,2015-01-14,0
TJ Dembinski,2015-01-15,91
TJ Dembinski,2015-01-16,0
TJ Dembinski,2015-01-17,0
TJ Dembinski,2015-01-18,0
TJ Dembinski,2015-01-19,55
TJ Dembinski,2015-01-20,0
TJ Dembinski,2015-01-21,2102
TJ Dembinski,2015-01-22,986
TJ Dembinski,2015-01-23,113
TJ Dembinski,2015-01-24,0
TJ Dembinski,2015-01-25,113
TJ Dembinski,2015-01-26,287
TJ Dembinski,2015-01-27,881
TJ Dembinski,2015-01-28,939
TJ Dembinski,2015-01-29,457
TJ Dembinski,2015-01-30,36
TJ Dembinski,2015-01-31,126
TJ Dembinski,2015-02-01,258
TJ Dembinski,2015-02-02,985
TJ Dembinski,2015-02-03,0
TJ Dembinski,2015-02-04,63
TJ Dembinski,2015-02-05,516
TJ Dembinski,2015-02-06,31
TJ Dembinski,2015-02-07,763
TJ Dembinski,2015-02-08,0
TJ Dembinski,2015-02-09,699
TJ Dembinski,2015-02-10,121
TJ Dembinski,2015-02-11,284
TJ Dembinski,2015-02-12,2141
TJ Dembinski,2015-02-13,680
TJ Dembinski,2015-02-14,333
TJ Dembinski,2015-02-15,961
TJ Dembinski,2015-02-16,0
TJ Dembinski,2015-02-17,171
TJ Dembinski,2015-02-18,836
TJ Dembinski,2015-02-19,0
TJ Dembinski,2015-02-20,0
TJ Dembinski,2015-02-21,0
TJ Dembinski,2015-02-22,33
TJ Dembinski,2015-02-23,1413
TJ Dembinski,2015-02-24,0
TJ Dembinski,2015-02-25,0
TJ Dembinski,2015-02-26,385
TJ Dembinski,2015-02-27,926
TJ Dembinski,2015-02-28,0
TJ Dembinski,2015-03-01,125
TJ Dembinski,2015-03-02,0
TJ Dembinski,2015-03-03,89
TJ Dembinski,2015-03-04,19
TJ Dembinski,2015-03-05,0
TJ Dembinski,2015-03-06,0
TJ Dembinski,2015-03-07,0
TJ Dembinski,2015-03-08,106
TJ Dembinski,2015-03-09,0
TJ Dembinski,2015-03-10,0
TJ Dembinski,2015-03-11,0
TJ Dembinski,2015-03-12,0
TJ Dembinski,2015-03-13,49
TJ Dembinski,2015-03-14,0
TJ Dembinski,2015-03-15,7
TJ Dembinski,2015-03-16,138
TJ Dembinski,2015-03-17,0
TJ Dembinski,2015-03-18,0
TJ Dembinski,2015-03-19,0
TJ Dembinski,2015-03-20,0
TJ Dembinski,2015-03-21,0
TJ Dembinski,2015-03-22,0
TJ Dembinski,2015-03-23,0
TJ Dembinski,2015-03-24,0
TJ Dembinski,2015-03-25,0
TJ Dembinski,2015-03-26,0
TJ Dembinski,2015-03-27,0
TJ Dembinski,2015-03-28,0
TJ Dembinski,2015-03-29,0
TJ Dembinski,2015-03-30,0
TJ Dembinski,2015-03-31,0
TJ Dembinski,2015-04-01,0
TJ Dembinski,2015-04-02,0
TJ Dembinski,2015-04-03,2
TJ Dembinski,2015-04-04,0
TJ Dembinski,2015-04-05,0
TJ Dembinski,2015-04-06,0
TJ Dembinski,2015-04-07,0
TJ Dembinski,2015-04-08,0
TJ Dembinski,2015-04-09,54
TJ Dembinski,2015-04-10,0
TJ Dembinski,2015-04-11,0
TJ Dembinski,2015-04-12,51
TJ Dembinski,2015-04-13,0
TJ Dembinski,2015-04-14,0
TJ Dembinski,2015-04-15,20
TJ Dembinski,2015-04-16,0
TJ Dembinski,2015-04-17,0
TJ Dembinski,2015-04-18,0
TJ Dembinski,2015-04-19,0
TJ Dembinski,2015-04-20,0
TJ Dembinski,2015-04-21,0
TJ Dembinski,2015-04-22,0
TJ Dembinski,2015-04-23,2
TJ Dembinski,2015-04-24,98
TJ Dembinski,2015-04-25,45
TJ Dembinski,2015-04-26,0
TJ Dembinski,2015-04-27,0
TJ Dembinski,2015-04-28,43
TJ Dembinski,2015-04-29,22
TJ Dembinski,2015-04-30,0
TJ Dembinski,2015-05-01,47
TJ Dembinski,2015-05-02,0
TJ Dembinski,2015-05-03,0
TJ Dembinski,2015-05-04,0
TJ Dembinski,2015-05-05,0
TJ Dembinski,2015-05-06,0
TJ Dembinski,2015-05-07,2
TJ Dembinski,2015-05-08,0
TJ Dembinski,2015-05-09,0
TJ Dembinski,2015-05-10,0
TJ Dembinski,2015-05-11,0
TJ Dembinski,2015-05-12,0
TJ Dembinski,2015-05-13,0
TJ Dembinski,2015-05-14,0
TJ Dembinski,2015-05-15,0
TJ Dembinski,2015-05-16,0
TJ Dembinski,2015-05-17,0
TJ Dembinski,2015-05-18,0
TJ Dembinski,2015-05-19,0
TJ Dembinski,2015-05-20,18
TJ Dembinski,2015-05-21,0
TJ Dembinski,2015-05-22,0
TJ Dembinski,2015-05-23,0
TJ Dembinski,2015-05-24,0
TJ Dembinski,2015-05-25,0
TJ Dembinski,2015-05-26,0
TJ Dembinski,2015-05-27,14
TJ Dembinski,2015-05-28,0
TJ Dembinski,2015-05-29,0
TJ Dembinski,2015-05-30,0
TJ Dembinski,2015-05-31,58
TJ Dembinski,2015-06-01,0
TJ Dembinski,2015-06-02,0
TJ Dembinski,2015-06-03,0
TJ Dembinski,2015-06-04,35
TJ Dembinski,2015-06-05,0
TJ Dembinski,2015-06-06,0
TJ Dembinski,2015-06-07,60
TJ Dembinski,2015-06-08,0
